lambda,mean_counts
6.001052626688028,0.8666667
6.001862822453702,4.6666665
6.002673018219372,1.235294
6.003483213985045,3.875
6.004293409750718,3.142857
6.005103605516389,5.3999996
6.005913801282062,0.19999999
6.006723997047734,1.75
6.007534192813406,0.57142854
6.008344388579079,0.3749999
6.00915458434475,7.2500114
6.009964780110423,2.000003
6.010774975876096,1.2962964
6.011585171641768,3.888897
6.012395367407441,0.52941173
6.013205563173112,1.0
6.0140157589387835,0.42105255
6.014825954704457,1.8749902
6.015636150470129,0.9642859
6.0164463462358,4.0
6.017256542001474,0.16666669
6.018066737767145,0.54545456
6.018876933532819,1.6363677
6.01968712929849,2.1000001
6.020497325064161,0.14285703
6.021307520829835,0.55172384
6.022117716595506,1.4285778
6.022927912361179,4.5000052
6.023738108126852,3.8333406
6.024548303892523,0.5499998
6.025358499658196,0.39130566
6.026168695423868,6.0000076
6.026978891189539,1.4615378
6.027789086955212,2.8571448
6.028599282720884,0.0
6.029409478486557,0.24999945
6.03021967425223,0.27272692
6.031029870017901,0.81818175
6.031840065783574,3.9999795
6.032650261549246,1.0
6.033460457314917,0.35999998
6.03427065308059,1.9090924
6.0350808488462615,0.75000006
6.035891044611935,6.0
6.0367012403776075,0.8095225
6.037511436143278,1.6666547
6.038321631908952,1.7499965
6.039131827674623,0.9090909
6.039942023440296,0.10344811
6.040752219205968,1.4999981
6.041562414971639,2.4999876
6.042372610737313,1.4736887
6.043182806502985,0.7692325
6.043993002268657,1.5555556
6.04480319803433,0.07692416
6.045613393800001,0.58333325
6.0464235895656735,0.26087123
6.047233785331347,2.0000029
6.048043981097017,3.3333406
6.04885417686269,1.5000004
6.049664372628363,1.0624989
6.050474568394035,0.32000226
6.051284764159708,0.8666661
6.052094959925379,0.7058822
6.052905155691051,0.47058824
6.053715351456725,2.466676
6.054525547222395,1.6666665
6.055335742988068,0.49999905
6.05614593875374,1.7692372
6.056956134519413,1.5454408
6.0577663302850855,0.99999815
6.058576526050756,0.46153802
6.059386721816429,0.21428657
6.060196917582102,15.99978
6.061007113347774,0.21874946
6.061817309113446,21.000092
6.062627504879118,0.8571428
6.063437700644791,0.0
6.064247896410463,0.6874998
6.065058092176135,0.66666514
6.065868287941806,0.9999988
6.06667848370748,3.0000134
6.067488679473152,1.8000011
6.068298875238824,1.2391342
6.069109071004497,4.399976
6.069919266770168,1.0769205
6.070729462535841,2.6666594
6.071539658301512,2.6666796
6.072349854067185,9.333247
6.073160049832858,1.2666733
6.07397024559853,0.78571445
6.074780441364202,1.846153
6.075590637129874,3.1111178
6.076400832895547,1.8181754
6.077211028661218,0.4999996
6.078021224426892,0.42857093
6.0788314201925635,0.8750057
6.079641615958236,0.62500453
6.080451811723908,0.9999909
6.081262007489579,0.8000005
6.082072203255252,2.0909057
6.082882399020924,0.8181849
6.083692594786596,2.9000103
6.0845027905522695,0.8947342
6.085312986317941,3.4999962
6.086123182083614,8.499935
6.086933377849286,5.00001
6.087743573614957,1.0833358
6.0885537693806295,0.4799992
6.089363965146302,0.5555557
6.090174160911975,0.5714329
6.090984356677648,5.80001
6.091794552443319,0.41666752
6.092604748208991,32.000107
6.093414943974664,3.4285538
6.094225139740335,1.4285729
6.095035335506008,2.2500064
6.09584553127168,0.40741098
6.096655727037353,1.7999977
6.097465922803026,0.5185202
6.0982761185686964,0.43333322
6.099086314334369,0.8124986
6.0998965101000415,2.000003
6.100706705865713,1.3333328
6.101516901631387,0.884615
6.102327097397057,2.000019
6.103137293162731,1.0000013
6.103947488928403,1.2857238
6.104757684694074,1.0909073
6.105567880459747,1.8750073
6.106378076225419,0.11764663
6.107188271991091,0.83333516
6.107998467756764,0.20000058
6.108808663522435,2.68183
6.109618859288108,14.999599
6.110429055053781,2.0000188
6.111239250819453,4.8333645
6.112049446585126,8.000027
6.112859642350797,2.7142906
6.1136698381164685,1.4666582
6.114480033882143,2.142883
6.115290229647813,0.21428661
6.116100425413486,1.6000029
6.116910621179159,1.5999858
6.11772081694483,3.0000107
6.118531012710504,1.6399899
6.1193412084761745,1.5384624
6.120151404241846,0.7499997
6.12096160000752,1.2105297
6.121771795773191,1.3529507
6.122581991538865,14.999931
6.123392187304536,1.8333284
6.124202383070208,5.7142973
6.125012578835881,1.4545528
6.125822774601553,2.6153836
6.126632970367224,0.76923335
6.127443166132898,0.9318171
6.12825336189857,3.7499971
6.129063557664242,3.6249907
6.129873753429914,0.8666681
6.130683949195586,0.50000054
6.131494144961259,0.9999935
6.132304340726931,3.9999917
6.133114536492601,3.333333
6.133924732258276,3.846176
6.134734928023947,7.7500405
6.13554512378962,2.4999979
6.1363553195552925,1.0833344
6.137165515320963,2.000006
6.137975711086637,0.7631589
6.138785906852308,4.57146
6.139596102617981,0.77273095
6.140406298383654,2.5384667
6.141216494149325,9.999989
6.142026689914998,0.93749154
6.14283688568067,2.0476105
6.143647081446341,2.090935
6.144457277212014,1.7083372
6.145267472977686,1.3636352
6.146077668743359,0.30769596
6.146887864509032,1.0714256
6.147698060274703,0.93750966
6.148508256040375,0.5925965
6.149318451806048,2.0833535
6.15012864757172,12.000092
6.150938843337393,3.8571734
6.151749039103064,1.0500009
6.152559234868737,5.571469
6.1533694306344096,0.81482077
6.154179626400081,0.9999985
6.154989822165753,4.599941
6.155800017931425,1.0000015
6.156610213697098,13.666804
6.1574204094627705,8.500053
6.158230605228441,1.3333248
6.159040800994115,1.8235368
6.159850996759787,0.7142862
6.160661192525459,4.7500577
6.1614713882911305,0.3181837
6.162281584056803,0.051281705
6.163091779822476,0.8500083
6.163901975588149,0.4347791
6.164712171353819,2.066686
6.165522367119492,0.9259271
6.166332562885165,1.5833429
6.167142758650837,3.5000145
6.167952954416509,1.6249985
6.168763150182181,1.8333563
6.169573345947853,1.529415
6.170383541713527,3.800026
6.171193737479197,1.1666653
6.172003933244871,2.1538587
6.1728141290105425,0.4285717
6.173624324776215,3.3333464
6.174434520541887,5.3334036
6.175244716307559,6.0
6.176054912073231,1.2000093
6.176865107838904,0.6086951
6.177675303604576,2.5714438
6.1784854993702485,1.2353022
6.17929569513592,1.7142853
6.180105890901593,2.8571503
6.180916086667264,1.1851808
6.181726282432937,0.5000064
6.1825364781986085,6.285702
6.183346673964282,1.5833328
6.1841568697299545,0.39286
6.184967065495626,0.11538588
6.185777261261299,1.0000076
6.18658745702697,0.33333376
6.187397652792642,2.9999847
6.1882078485583145,0.7999964
6.189018044323987,3.0588362
6.1898282400896605,0.0
6.190638435855332,2.1764812
6.191448631621004,1.909095
6.192258827386676,2.5000114
6.193069023152349,3.5625012
6.19387921891802,0.34783062
6.194689414683694,0.6818235
6.195499610449366,1.9090943
6.196309806215038,0.8333446
6.197120001980711,0.7999975
6.197930197746381,1.4166881
6.198740393512054,1.7619061
6.1995505892777265,2.6250186
6.200360785043397,21.999758
6.201170980809072,18.500404
6.201981176574743,2.0799987
6.202791372340416,1.5000122
6.203601568106088,2.0000055
6.204411763871759,1.4473809
6.205221959637432,4.000043
6.206032155403104,3.9999998
6.206842351168775,0.94737035
6.20765254693445,0.57142407
6.208462742700121,1.928569
6.209272938465793,0.4999965
6.210083134231466,3.0000346
6.210893329997137,1.8571202
6.21170352576281,1.000008
6.212513721528482,0.6071387
6.2133239172941535,2.1000373
6.214134113059828,1.0000114
6.2149443088254985,1.8571384
6.215754504591171,0.69565517
6.216564700356844,1.722233
6.217374896122515,0.8437594
6.218185091888189,9.999977
6.2189952876538594,2.0526462
6.219805483419531,2.7778325
6.220615679185205,1.5999979
6.221425874950877,1.615381
6.222236070716549,1.4736897
6.223046266482221,7.999955
6.223856462247893,2.6666846
6.224666658013566,2.555596
6.225476853779237,1.3333375
6.226287049544909,0.0
6.227097245310583,0.70000315
6.227907441076255,3.8571746
6.228717636841926,1.3571463
6.229527832607599,0.71430284
6.2303380283732706,1.2777797
6.231148224138945,1.9333302
6.231958419904615,0.8095505
6.232768615670286,1.0555699
6.233578811435961,4.461573
6.234389007201632,3.83339
6.235199202967305,3.4000466
6.2360093987329765,4.5000362
6.236819594498648,5.0000525
6.2376297902643225,3.2222326
6.238439986029993,0.0
6.239250181795667,0.1363649
6.240060377561338,5.000112
6.24087057332701,6.2499924
6.2416807690926825,2.7692323
6.242490964858355,1.2222321
6.243301160624026,12.500165
6.2441113563897,0.94118154
6.244921552155372,3.3999891
6.245731747921044,2.8571908
6.246541943686717,2.1666973
6.247352139452388,0.7499973
6.24816233521806,2.3809597
6.248972530983733,17.000168
6.2497827267494035,4.0000277
6.250592922515078,0.16667111
6.2514031182807495,10.333402
6.252213314046422,3.0000384
6.2530235098120945,5.2500525
6.253833705577765,3.666656
6.254643901343438,4.4285603
6.25545409710911,0.0
6.256264292874783,0.32257926
6.257074488640456,0.5937561
6.257884684406127,1.8750136
6.3876172813843946,3.333333
6.388427477150066,9.4
6.389237672915739,6.9999995
6.39004786868141,0.7692308
6.390858064447083,7.833333
6.3916682602127555,1.4736848
6.392478455978427,0.8999999
6.3932886517441005,3.7499998
6.394098847509772,1.1428571
6.394909043275444,1.7647113
6.395719239041116,1.4999999
6.396529434806789,3.1818182
6.397339630572461,2.5333364
6.398149826338133,1.1428567
6.398960022103805,7.2000084
6.399770217869478,2.1052663
6.40058041363515,2.272727
6.4013906094008215,2.4999936
6.402200805166494,1.421054
6.403011000932167,0.5
6.403821196697838,0.42857146
6.404631392463512,2.5384667
6.405441588229182,1.1250025
6.406251783994856,2.2500129
6.407061979760528,2.875002
6.4078721755262,2.7692318
6.408682371291872,8.499979
6.409492567057544,3.000001
6.410302762823217,2.4761882
6.41111295858889,6.0000076
6.41192315435456,22.999727
6.4127333501202335,2.1250036
6.413543545885906,0.77272934
6.414353741651579,1.7500038
6.415163937417249,0.5333344
6.415974133182922,1.7692332
6.416784328948594,2.3333373
6.417594524714268,2.2500038
6.418404720479939,2.0555577
6.419214916245611,0.7499985
6.420025112011284,1.3333362
6.420835307776956,2.500003
6.421645503542627,0.96666867
6.4224556993082995,4.0
6.423265895073972,21.500084
6.4240760908396455,1.5294172
6.424886286605318,2.727273
6.425696482370989,1.4000045
6.426506678136661,1.5555556
6.427316873902334,5.500021
6.428127069668005,2.6250095
6.42893726543368,3.0000126
6.42974746119935,13.500069
6.430557656965023,2.3333333
6.431367852730696,0.0
6.432178048496366,3.0000088
6.432988244262039,7.6667027
6.4337984400277115,1.7500086
6.434608635793383,2.909094
6.4354188315590575,1.1000061
6.436229027324728,2.7777863
6.437039223090401,0.69999987
6.437849418856073,1.9600154
6.438659614621745,4.750019
6.439469810387417,2.6363735
6.440280006153089,2.9444437
6.441090201918761,5.857164
6.441900397684435,0.5599985
6.442710593450107,6.4999733
6.443520789215778,1.3076984
6.444330984981451,18.000168
6.445141180747123,1.0384586
6.445951376512796,0.75000286
6.446761572278467,1.9444537
6.4475717680441385,13.000023
6.448381963809813,2.000002
6.449192159575484,0.90000534
6.450002355341156,2.4000154
6.450812551106829,3.666677
6.4516227468725,1.9091092
6.452432942638174,1.0740813
6.4532431384038444,10.000076
6.454053334169516,1.6470649
6.45486352993519,9.400064
6.455673725700862,16.000061
6.456483921466535,5.5000644
6.457294117232206,7.571451
6.458104312997878,5.714324
6.458914508763551,4.2000017
6.459724704529223,1.4000049
6.460534900294894,0.9444504
6.461345096060568,4.000039
6.46215529182624,1.0000083
6.462965487591912,1.7692372
6.463775683357585,2.3600051
6.4645858791232556,2.3076937
6.465396074888929,3.399995
6.5956350442207405,4.4999995
6.596445239986413,1.588237
6.597255435752086,0.0
6.598065631517756,1.3888905
6.598875827283429,2.2
6.5996860230491015,1.4814843
6.600496218814773,10.500007
6.601306414580447,4.625002
6.602116610346118,3.75
6.60292680611179,6.50001
6.603737001877463,7.000007
6.604547197643135,1.6000012
6.605357393408807,2.0000045
6.606167589174479,1.3076935
6.606977784940151,12.5714445
6.607787980705825,3.3333406
6.608598176471497,7.0000176
6.609408372237168,2.5714438
6.610218568002841,1.0000042
6.611028763768513,13.0000305
6.611838959534185,1.9200014
6.612649155299857,4.8333364
6.61345935106553,7.571432
6.614269546831203,12.200094
6.615079742596874,5.5000057
6.615889938362547,2.8181875
6.616700134128219,11.000026
6.61751032989389,1.142856
6.618320525659563,29.000107
6.619130721425236,0.8888923
6.619940917190906,1.6875073
6.62075111295658,5.750004
6.621561308722252,1.2500019
6.6223715044879246,2.049998
6.623181700253596,1.7391348
6.623991896019268,2.0000012
6.62480209178494,0.66666603
6.625612287550614,5.00002
6.626422483316286,1.7368515
6.627232679081958,2.1818128
6.62804287484763,4.5714293
6.628853070613302,2.0000114
6.629663266378975,2.100003
6.630473462144646,3.8333483
6.631283657910318,1.5000064
6.6320938536759915,4.5454597
6.632904049441664,11.999904
6.6337142452073365,2.578951
6.634524440973007,3.181829
6.63533463673868,2.7222383
6.636144832504352,2.9411926
6.636955028270026,0.888894
6.637765224035696,2.6842215
6.638575419801369,2.6000166
6.639385615567042,5.454573
6.640195811332714,64.00041
6.641006007098385,4.363688
6.6418162028640575,5.571454
6.64262639862973,7.666743
6.6434365943954035,4.18185
6.644246790161073,2.0952642
6.645056985926747,4.3750005
6.645867181692419,2.7857194
6.646677377458092,1.6111109
6.647487573223764,1.7777766
6.648297768989435,3.1818354
6.649107964755108,14.000096
6.649918160520781,7.800024
6.650728356286453,5.5000057
6.651538552052126,2.4285707
6.652348747817797,1.8421134
6.6531589435834695,3.700031
6.653969139349142,5.3333817
6.654779335114813,5.500037
6.655589530880485,3.4545681
6.656399726646159,5.0000353
6.65720992241183,52.000412
6.658020118177503,1.4166715
6.658830313943175,34.50001
6.659640509708847,1.8571482
6.66045070547452,4.1000376
6.661260901240191,1.625012
6.662071097005863,3.4999828
6.662881292771536,2.421071
6.663691488537208,40.00049
6.6645016843028815,62.000546
6.665311880068553,4.857153
6.666122075834225,4.636384
6.666932271599897,2.600016
6.667742467365569,2.3500175
6.668552663131242,9.000095
6.669362858896914,10.800061
6.670173054662586,3.6250455
6.670983250428259,4.7500057
6.671793446193931,2.8421435
6.672603641959602,1.7777932
6.673413837725275,2.3889189
6.674224033490947,2.888918
6.67503422925662,2.533351
6.675844425022293,10.800124
6.676654620787963,2.2105575
6.677464816553637,17.00021
6.678275012319308,8.500092
6.679085208084981,22.999893
6.679895403850653,7.6667557
6.680705599616324,2.6000054
6.681515795381999,2.636393
6.68232599114767,0.8571458
6.683136186913341,3.562526
6.683946382679014,18.750248
6.684756578444686,8.400128
6.685566774210359,2.100016
6.686376969976032,16.250298
6.687187165741702,1.1428628
6.687997361507376,0.40000495
6.688807557273048,2.700021
6.6896177530387195,10.200187
6.690427948804393,9.285862
6.691238144570064,2.4667132
6.692048340335736,3.312536
6.69285853610141,16.000315
6.69366873186708,4.3636913
6.694478927632754,3.0909617
6.6952891233984255,3.4000487
6.696099319164097,11.900118
6.696909514929771,6.800094
6.697719710695441,1.4706144
6.698529906461114,14.750198
6.699340102226787,4.555615
6.700150297992459,2.642883
6.700960493758132,2.3846526
6.701770689523803,3.037112
6.702580885289476,9.14299
6.703391081055148,1.5000179
6.704201276820819,3.214333
6.7050114725864915,1.8333579
6.705821668352165,13.600167
6.706631864117837,0.6296372
6.70744205988351,0.86667526
6.708252255649181,1.3421429
6.709062451414853,2.3333972
6.709872647180526,26.667034
6.7106828429461975,1.8889525
6.711493038711869,3.3333774
6.712303234477543,5.0000615
6.713113430243214,26.000643
6.713923626008888,18.000423
6.714733821774559,3.909188
6.715544017540231,2.2143254
6.7163542133059035,3.1250422
6.717164409071575,7.66678
6.717974604837249,7.3335137
6.71878480060292,13.400317
6.719594996368593,3.400065
6.720405192134265,3.9445577
6.721215387899937,3.5714386
6.722025583665609,7.800111
6.722835779431281,4.2223234
6.723645975196955,4.6001134
6.724456170962626,0.7222332
6.725266366728299,4.583426
6.7260765624939705,0.8571583
6.726886758259643,3.3846526
6.727696954025315,1.1250055
6.728507149790987,4.900086
6.729317345556659,8.750244
6.7301275413223305,2.7308073
6.730937737088004,2.600011
6.7317479328536765,2.0588458
6.732558128619349,4.7333927
6.733368324385021,3.3158424
6.734178520150692,5.545528
6.734988715916365,2.857222
6.735798911682038,3.5882785
6.736609107447711,32.500774
6.737419303213382,4.900088
6.738229498979054,3.1053433
6.739039694744727,5.4546847
6.739849890510399,8.000207
6.740660086276071,1.7826481
6.7414702820417425,2.1053045
6.742280477807416,6.400136
6.7430906735730884,9.889222
6.743900869338759,32.00127
6.744711065104432,1.166695
6.745521260870104,2.600042
6.746331456635777,2.1739504
6.747141652401448,8.200219
6.74795184816712,2.3333843
6.7487620439327936,3.636386
6.749572239698466,3.4348538
6.750382435464137,5.9232206
6.751192631229809,14.400308
6.752002826995482,22.500635
6.7528130227611545,7.166832
6.753623218526828,3.8948257
6.754433414292498,6.000069
6.755243610058171,2.062523
6.756053805823844,3.0000935
6.756864001589515,5.7335215
6.757674197355189,10.8336315
6.75848439312086,0.0
6.759294588886532,3.2500548
6.7601047846522055,1.6129308
6.760914980417875,1.7692624
6.761725176183549,9.600051
6.762535371949221,1.6667212
6.763345567714893,3.2143352
6.764155763480566,6.5456047
6.764965959246237,2.5200639
6.76577615501191,3.1429546
6.766586350777583,8.500166
6.767396546543255,2.2222703
6.7682067423089265,4.4706745
6.769016938074599,11.750312
6.769827133840271,25.000887
6.770637329605944,6.7145257
6.771447525371615,1.782645
6.772257721137287,2.5500395
6.773067916902961,1.3600234
6.7738781126686325,52.001225
6.774688308434306,9.600261
6.775498504199977,2.416728
6.776308699965648,2.7647307
6.777118895731322,6.0668025
6.777929091496993,6.6002417
6.778739287262665,2.400038
6.7795494830283385,2.5417578
6.78035967879401,27.501106
6.781169874559684,10.125373
6.781980070325355,6.0002375
6.782790266091026,5.1252527
6.783600461856699,3.0625656
6.784410657622371,4.077045
6.7852208533880445,10.428946
6.786031049153717,7.4548626
6.786841244919388,6.81842
6.787651440685061,58.001606
6.788461636450733,4.4001656
6.789271832216404,9.167162
6.790082027982077,1.8333575
6.790892223747749,6.1668878
6.791702419513422,1.7000486
6.792512615279095,2.9286485
6.793322811044765,8.666878
6.794133006810439,2.4167
6.7949432025761105,4.8001122
6.795753398341783,2.952474
6.796563594107455,8.154161
6.797373789873126,10.000387
6.7981839856388,12.000436
6.798994181404472,8.666905
6.799804377170143,17.250132
6.8006145729358165,2.000068
6.801424768701488,3.7273371
6.80223496446716,3.5000677
6.803045160232834,2.4000823
6.803855355998504,2.0834205
6.804665551764177,12.750271
6.80547574752985,5.500206
6.806285943295522,3.800121
6.807096139061195,3.2308939
6.807906334826866,5.6002517
6.808716530592538,4.6877165
6.809526726358212,2.9091947
6.810336922123882,5.8463593
6.811147117889555,24.334623
6.811957313655228,5.8751597
6.8127675094209,16.400436
6.813577705186573,2.8889995
6.8143879009522434,2.800117
6.815198096717916,1.4800732
6.816008292483589,4.250173
6.816818488249261,0.5333478
6.817628684014933,1.3333901
6.818438879780605,1.7692617
6.819249075546277,4.714471
6.82005927131195,2.8948603
6.820869467077621,2.44448
6.821679662843294,1.5152156
6.822489858608967,4.875131
6.823300054374639,3.7001882
6.824110250140311,4.750156
6.824920445905983,32.501564
6.825730641671655,3.0667942
6.826540837437328,4.250192
6.827351033203,3.0001109
6.828161228968671,7.000342
6.828971424734345,4.5001907
6.829781620500017,1.4801025
6.830591816265689,1.0625199
6.831402012031361,7.0002613
6.832212207797033,2.2175126
6.833022403562706,7.416968
6.833832599328377,3.529525
6.834642795094051,3.750094
6.835452990859723,26.00098
6.836263186625395,10.400568
6.8370733823910665,3.1112144
6.837883578156739,7.4288607
6.838693773922412,10.000679
6.839503969688083,6.125305
6.840314165453755,3.350172
6.841124361219428,7.166942
6.841934556985101,3.5791361
6.8427447527507725,3.3334274
6.843554948516444,4.9377565
6.844365144282117,9.750508
6.845175340047789,3.466796
6.845985535813461,2.8572981
6.846795731579134,4.230992
6.847605927344806,5.091116
6.8484161231104785,2.963076
6.849226318876151,62.002842
6.850036514641822,3.2858725
6.850846710407495,6.4288135
6.851656906173167,15.200643
6.85246710193884,42.33502
6.853277297704513,2.6087751
6.854087493470184,2.454671
6.854897689235856,2.8948352
6.855707885001529,3.8891032
6.8565180807671995,1.0000522
6.857328276532872,7.2004027
6.858138472298545,1.9445455
6.858948668064218,11.250522
6.8597588638298905,3.555718
6.860569059595561,8.900313
6.861379255361234,4.9002185
6.862189451126906,3.3335674
6.862999646892578,1.150036
6.863809842658251,1.9630389
6.864620038423922,2.3479192
6.865430234189596,4.2224116
6.866240429955268,2.500171
6.867050625720939,3.2501264
6.8678608214866115,6.778214
6.868671017252284,0.8571868
6.869481213017956,10.400377
6.87029140878363,2.7779086
6.8711016045493,5.6002884
6.871911800314973,3.388992
6.872721996080646,5.666961
6.8735321918463175,0.9756421
6.874342387611989,3.3573127
6.875152583377662,10.500702
6.875962779143333,2.4801698
6.876772974909008,25.001022
6.8775831706746775,0.4687641
6.878393366440351,1.8182615
6.8792035622060235,7.750382
6.880013757971695,0.0
6.8808239537373685,5.400364
6.881634149503039,23.501583
6.882444345268711,1.5001085
6.883254541034385,1.8334326
6.884064736800057,14.000861
6.8848749325657295,0.59262115
6.885685128331401,9.000502
6.886495324097073,3.428691
6.887305519862746,2.6251001
6.888115715628418,1.4167622
6.888925911394089,5.000235
6.889736107159763,3.2001112
6.890546302925435,0.8276083
6.891356498691107,1.7273784
6.892166694456779,6.500239
6.89297689022245,1.3478839
6.893787085988124,3.0626745
6.8945972817537955,33.001358
6.895407477519466,0.0
6.896217673285141,0.0
6.897027869050812,5.0669327
6.897838064816485,3.900131
6.898648260582157,4.0002284
6.899458456347828,2.769443
6.9002686521135015,3.2001646
6.901078847879173,3.7501953
6.901889043644847,11.500664
6.902699239410519,2.3334043
6.90350943517619,0.5454761
6.904319630941862,8.889284
6.905129826707535,4.8184533
6.905940022473206,5.6670303
6.906750218238879,9.400087
6.907560414004551,1.5500654
6.908370609770224,9.83388
6.909180805535897,4.857525
6.9099910013015675,2.7778575
6.91080119706724,4.3751607
6.911611392832913,3.3572965
6.912421588598584,3.6430368
6.913231784364257,6.4120603
6.914041980129928,5.3337154
6.914852175895602,42.00032
6.915662371661274,0.3783955
6.916472567426945,5.333626
6.917282763192618,9.692873
6.91809295895829,1.5555911
6.918903154723963,6.44483
6.919713350489636,7.57172
6.920523546255306,2.2964635
6.9213337420209795,3.6366262
6.922143937786652,3.0669315
6.922954133552325,4.200244
6.923764329317995,3.0528543
6.924574525083668,7.5388217
6.92538472084934,18.751135
6.926194916615014,3.5385978
6.927005112380684,2.2223766
6.927815308146357,0.7308246
6.92862550391203,8.333602
6.929435699677701,5.800218
6.930245895443374,2.444565
6.9310560912090455,5.461826
6.931866286974718,1.1613487
6.9326764827403915,4.000206
6.933486678506063,3.2858698
6.934296874271736,1.3794208
6.935107070037407,1.238146
6.93591726580308,6.0003786
6.9367274615687515,4.4002905
6.937537657334424,2.4001215
6.938347853100096,0.0
6.939158048865769,5.875602
6.939968244631442,6.556116
6.940778440397113,2.7569172
6.941588636162785,29.00079
6.9423988319284575,17.001078
6.943209027694129,2.545561
6.944019223459802,0.8889299
6.944829419225473,5.786079
6.945639614991147,5.2004113
6.946449810756818,5.200433
6.947260006522491,2.7649465
6.9480702022881635,0.0
6.948880398053835,2.4001324
6.949690593819507,4.4003816
6.950500789585179,9.000748
6.951310985350853,14.0012245
6.952121181116525,2.923379
6.952931376882197,2.538655
6.953741572647869,5.2001824
6.954551768413541,17.750967
6.955361964179214,2.2582333
6.9561721599448845,4.500204
6.956982355710559,8.625671
6.95779255147623,3.2355354
6.958602747241903,1.450121
6.9594129430075755,1.9001243
6.960223138773246,9.88974
6.961033334538919,2.0313797
6.961843530304591,2.643031
6.962653726070262,6.7147517
6.963463921835935,3.1053934
6.964274117601608,5.571858
6.965084313367281,4.5002513
6.965894509132953,2.6155097
6.966704704898624,4.6877584
6.9675149006642965,2.8001323
6.968325096429969,2.111268
6.96913529219564,5.077215
6.969945487961315,4.900288
6.970755683726986,8.400432
6.971565879492658,1.8334987
6.972376075258331,4.0002427
6.973186271024002,2.583522
6.973996466789674,2.6156285
6.974806662555347,1.727363
6.975616858321018,2.0477636
6.976427054086693,1.8001319
6.977237249852363,4.416933
6.978047445618036,3.2145119
6.9788576413837085,2.1430345
6.97966783714938,2.5884306
6.9804780329150535,15.001266
6.981288228680724,46.001804
6.982098424446396,2.2175975
6.98290862021207,13.3345
6.983718815977742,7.8579197
6.984529011743414,1.941305
6.985339207509086,36.501842
6.986149403274758,4.643189
6.986959599040432,1.2222599
6.987769794806102,0.92597026
6.988579990571774,3.5715714
6.989390186337448,28.00201
6.99020038210312,5.5004635
6.991010577868791,1.178667
6.991820773634464,1.800116
6.992630969400135,4.333701
6.99344116516581,11.000741
6.99425136093148,2.7144904
6.995061556697153,7.8755927
6.9958717524628256,1.2500759
6.996681948228497,5.266909
6.99749214399417,6.0002255
6.998302339759841,4.6156526
6.999112535525513,3.0803099
6.999922731291187,5.167267
7.000732927056859,2.2729137
7.001543122822529,13.000955
7.002353318588203,2.2502282
7.003163514353875,1.4584664
7.003973710119547,6.8338227
7.00478390588522,5.923624
7.005594101650891,6.667144
7.006404297416565,11.000937
7.007214493182237,12.000926
7.008024688947909,3.6669354
7.008834884713582,20.3348
7.0096450804792525,5.5560465
7.010455276244925,16.667953
7.011265472010598,8.000484
7.012075667776269,2.0001388
7.012885863541943,3.8236494
7.013696059307614,3.857443
7.014506255073287,7.3642483
7.015316450838959,4.8893905
7.01612664660463,1.6297644
7.016936842370303,2.0001545
7.017747038135975,5.6368093
7.018557233901646,4.5002623
7.019367429667321,4.0003
7.020177625432992,3.000297
7.0209878211986645,2.85739
7.021798016964337,10.500937
7.022608212730008,6.166975
7.02341840849568,1.833452
7.024228604261353,2.5771425
7.025038800027026,2.9287841
7.025848995792699,2.4764085
7.02665919155837,0.0
7.027469387324042,14.001058
7.028279583089715,3.1002176
7.029089778855387,7.750988
7.029899974621058,18.001465
7.0307101703867305,10.143694
7.031520366152404,6.2504964
7.0323305619180765,12.500795
7.033140757683748,4.6670475
7.03395095344942,1.9715784
7.034761149215092,27.001482
7.035571344980764,2.0001652
7.0363815407464365,1.441342
7.037191736512108,3.4002547
7.038001932277782,5.833783
7.038812128043454,2.857391
7.039622323809126,2.5002198
7.040432519574797,0.0
7.04124271534047,2.6876545
7.0420529111061425,4.400226
7.042863106871814,2.2144399
7.043673302637486,26.5025
7.044483498403159,4.1431985
7.045293694168832,23.001444
7.046103889934504,1.6843593
7.046914085700176,9.000646
7.047724281465848,5.200431
7.04853447723152,2.3335268
7.049344672997192,2.0358608
7.050154868762865,1.5295743
7.050965064528538,8.500618
7.051775260294209,0.0
7.052585456059882,2.529625
7.053395651825554,3.0001793
7.054205847591226,4.6925354
7.055016043356898,8.667412
7.0558262391225695,3.0001664
7.056636434888243,4.5004883
7.057446630653915,5.1433163
7.058256826419588,7.556041
7.05906702218526,6.0005083
7.059877217950931,4.286076
7.060687413716604,3.4170065
7.061497609482276,21.00233
7.062307805247947,4.800492
7.063118001013621,4.8336167
7.063928196779293,3.6003199
7.064738392544966,3.7898464
7.065548588310637,2.176684
7.066358784076309,2.6317708
7.0671689798419814,2.8464925
7.067979175607655,2.2858932
7.068789371373325,2.8891819
7.069599567138999,4.2501893
7.070409762904671,1.8890406
7.071219958670343,2.5002778
7.072030154436016,1.7502003
7.0728403502016866,8.600957
7.073650545967359,5.1253715
7.0744607417330325,4.3893423
7.075270937498702,2.5201519
7.076081133264378,4.3129234
7.076891329030048,4.5297337
7.077701524795721,16.334831
7.078511720561393,3.333513
7.079321916327064,2.636634
7.0801321120927385,4.500218
7.08094230785841,5.4380116
7.081752503624082,6.8340163
7.082562699389755,4.154198
7.083372895155426,1.7501738
7.0841830909210985,2.4501529
7.084993286686771,2.294415
7.085803482452443,1.4167476
7.086613678218117,45.00436
7.087423873983788,5.800472
7.0882340697494595,2.028787
7.089044265515133,7.333902
7.089854461280804,1.3077618
7.090664657046476,5.250116
7.091474852812149,2.0001812
7.09228504857782,4.0003347
7.093095244343495,0.6364365
7.0939054401091655,5.0006146
7.094715635874837,3.1293805
7.0955258316405105,0.0
7.096336027406182,8.834164
7.097146223171854,9.875936
7.097956418937526,1.750165
7.098766614703198,1.8462486
7.099576810468872,15.401557
7.100387006234544,3.13675
7.101197202000216,1.7223438
7.102007397765888,1.2069955
7.10281759353156,2.200184
7.103627789297232,2.545683
7.104437985062904,7.5007143
7.105248180828576,5.100473
7.10605837659425,1.4286854
7.106868572359922,11.251269
7.107678768125592,8.2229805
7.108488963891266,1.6501955
7.1092991596569375,6.300614
7.11010935542261,1.0455179
7.110919551188283,3.5885537
7.111729746953953,5.0914383
7.112539942719628,4.0002885
7.113350138485299,4.1114454
7.114160334250972,23.752825
7.1149705300166435,9.333833
7.115780725782315,5.0914807
7.116590921547988,0.7333633
7.117401117313661,6.250782
7.118211313079334,1.0910249
7.119021508845005,42.504524
7.119831704610677,72.00651
7.1206419003763495,11.000329
7.121452096142022,35.002476
7.122262291907693,1.9232787
7.123072487673365,2.6252823
7.123882683439039,1.6112446
7.124692879204711,6.7506647
7.125503074970384,15.001704
7.126313270736055,1.3705045
7.127123466501727,2.666885
7.1279336622674,8.445312
7.12874385803307,0.0
7.129554053798743,3.800504
7.130364249564416,7.801007
7.131174445330089,3.4170282
7.1319846410957615,2.2964666
7.132794836861432,9.5726185
7.133605032627105,1.600188
7.134415228392777,4.091248
7.135225424158451,6.8342285
7.136035619924121,8.000794
7.136845815689794,2.2502277
7.137656011455467,2.9003658
7.138466207221139,0.7308119
7.139276402986812,1.3530216
7.140086598752482,1.2001092
7.140896794518155,8.143866
7.141706990283828,3.6368594
7.142517186049498,4.100293
7.143327381815172,4.5005264
7.144137577580844,7.572184
7.144947773346517,4.2504854
7.145757969112188,27.335596
7.14656816487786,9.286685
7.147378360643533,2.6252644
7.148188556409206,32.003517
7.148998752174878,3.6320632
7.14980894794055,4.111608
7.150619143706222,10.667688
7.151429339471894,2.9234953
7.152239535237567,5.000587
7.153049731003239,3.130808
7.15385992676891,1.5455345
7.154670122534584,3.7503633
7.155480318300255,2.5001898
7.156290514065929,3.0772502
7.1571007098316,8.715417
7.157910905597272,15.501211
7.158721101362945,3.5003207
7.159531297128616,1.2000823
7.160341492894289,0.0
7.161151688659961,6.375879
7.161961884425633,22.668238
7.1627720801913055,0.81824964
7.163582275956978,2.86391
7.16439247172265,1.0626098
7.165202667488322,5.2505527
7.166012863253994,2.3002403
7.166823059019667,4.1432223
7.16763325478534,0.78390193
7.168443450551011,6.750499
7.169253646316684,1.7896422
7.170063842082356,9.500792
7.170874037848028,1.8126937
7.1716842336137,4.294736
7.1724944293793715,2.300318
7.173304625145045,3.571677
7.1741148209107175,3.0003438
7.174925016676388,14.001765
7.175735212442062,2.2381458
7.176545408207733,0.0
7.177355603973406,2.6253333
7.178165799739078,7.0007806
7.178975995504749,1.4075426
7.179786191270423,5.1824436
7.180596387036095,1.4445821
7.181406582801767,0.5000476
7.182216778567439,0.51859134
7.183026974333111,4.8006973
7.1838371700987835,17.501442
7.184647365864457,2.00019
7.185457561630127,11.500946
7.186267757395801,2.1768315
7.187077953161473,1.555796
7.1878881489271444,2.727498
7.188698344692818,6.1826572
7.189508540458489,1.2501435
7.190318736224161,14.572874
7.191128931989835,2.9235048
7.1919391277555045,1.7145103
7.19274932352118,2.4288135
7.1935595192868504,9.500899
7.323621258294921,0.0
7.324431454060595,2.5000012
7.325241649826265,13.0
7.326051845591938,1.7142878
7.326862041357611,5.666667
7.3276722371232825,4.000013
7.328482432888955,1.7307682
7.329292628654627,3.500002
7.330102824420299,1.904764
7.330913020185973,1.700006
7.3317232159516434,1.2727273
7.332533411717317,2.3599975
7.3333436074829885,0.77142894
7.334153803248661,0.8108107
7.334963999014333,2.1999967
7.335774194780005,2.7500026
7.336584390545677,2.1428638
7.33739458631135,1.111111
7.338204782077023,2.5333438
7.3390149778426945,2.3125048
7.339825173608367,1.583338
7.340635369374038,1.4736897
7.34144556513971,10.500038
7.342255760905383,5.3636427
7.343065956671055,6.2500153
7.343876152436728,6.0000176
7.3446863482024,4.1428723
7.345496543968072,2.93751
7.346306739733745,12.750038
7.347116935499416,1.7200041
7.347927131265088,3.4444587
7.3487373270307605,7.000019
7.349547522796433,1.7058817
7.3503577185621065,11.800031
7.351167914327778,8.59994
7.35197811009345,3.6000004
7.352788305859122,0.0
7.353598501624795,5.7999854
7.354408697390466,11.666653
7.35521889315614,3.153859
7.356029088921812,2.2727375
7.356839284687484,1.042558
7.357649480453155,2.4000213
7.3584596762188275,1.6666716
7.3592698719845,0.6000004
7.3600800677501725,1.4444517
7.360890263515843,1.3076987
7.361700459281516,2.0588295
7.362510655047189,2.3750184
7.363320850812862,0.94737005
7.364131046578534,3.1333432
7.364941242344205,1.411769
7.365751438109878,2.888896
7.36656163387555,2.2105415
7.367371829641222,1.1363672
7.368182025406896,16.00003
7.368992221172567,2.6153908
7.3698024169382395,3.9091089
7.370612612703912,14.000127
7.371422808469583,0.7058813
7.372233004235256,2.4666927
7.373043200000928,3.3000455
7.3738533957665995,1.4444543
7.374663591532271,4.428617
7.375473787297945,17.500202
7.376283983063617,3.8571749
7.37709417882929,2.3333333
7.377904374594961,6.5455074
7.378714570360633,2.38892
7.3795247661263055,2.2353053
7.380334961891977,57.000477
7.3811451576576514,5.4444785
7.381955353423323,1.83334
7.382765549188995,1.9375106
7.383575744954667,3.0000248
7.384385940720339,3.2222579
7.385196136486012,1.7777902
7.386006332251683,8.250042
7.386816528017355,2.0952506
7.387626723783029,1.6774263
7.388436919548701,4.3333783
7.389247115314373,9.999986
7.390057311080045,2.1111486
7.390867506845717,1.818192
7.391677702611389,21.000229
7.392487898377062,3.1428776
7.393298094142732,2.8333797
7.394108289908407,3.666712
7.394918485674078,8.714418
7.395728681439751,1.3750011
7.396538877205423,4.7778363
7.397349072971094,1.1200157
7.3981592687367685,13.250133
7.398969464502439,3.5714853
7.39977966026811,15.750023
7.400589856033784,3.1428697
7.401400051799456,1.0769396
7.402210247565129,16.500254
7.403020443330801,5.1429067
7.403830639096472,0.5555532
7.404640834862146,1.8095559
7.405451030627818,1.1764804
7.40626122639349,2.285733
7.407071422159163,1.2500049
7.407881617924834,2.076949
7.408691813690506,0.6956565
7.409502009456179,1.8095301
7.410312205221851,3.0833778
7.411122400987525,1.6154085
7.4119325967531955,6.1429234
7.412742792518866,2.1999984
7.413552988284541,1.1250079
7.414363184050211,3.1818635
7.415173379815884,2.4166663
7.415983575581556,1.1666875
7.416793771347228,3.428593
7.417603967112902,0.7941299
7.418414162878573,37.000397
7.419224358644246,4.800059
7.420034554409918,1.3636442
7.420844750175589,0.93940574
7.4216549459412615,3.3077211
7.422465141706934,5.166748
7.4232753374726075,0.61290354
7.42408553323828,1.7273232
7.424895729003951,4.250043
7.425705924769623,1.750028
7.426516120535296,3.500024
7.427326316300968,3.875075
7.428136512066639,3.833382
7.428946707832312,2.3000183
7.429756903597983,1.5000237
7.430567099363658,4.818205
7.431377295129329,1.200036
7.432187490895001,3.7272973
7.4329976866606735,11.800042
7.433807882426345,5.3333836
7.434618078192018,0.9230806
7.435428273957689,2.9166887
7.436238469723363,1.0454578
7.437048665489035,1.454554
7.437858861254707,2.5000737
7.4386690570203795,11.000069
7.439479252786051,0.9545714
7.440289448551724,1.400018
7.441099644317395,1.5454636
7.441909840083068,6.750092
7.44272003584874,8.666616
7.443530231614413,1.1851904
7.4443404273800855,0.8000084
7.445150623145757,6.800075
7.445960818911429,1.4117866
7.4467710146771005,3.250033
7.447581210442773,2.8182447
7.4483914062084455,0.6250079
7.449201601974119,0.5263201
7.450011797739791,0.95653456
7.450821993505462,1.5882775
7.451632189271135,0.92859167
7.452442385036807,6.2500834
7.453252580802479,0.40476522
7.454062776568151,3.857192
7.454872972333824,11.999916
7.455683168099497,2.4000156
7.456493363865169,5.500119
7.457303559630841,0.83334976
7.4581137553965124,1.3333342
7.458923951162185,3.0000153
7.4597341469278575,4.4999886
7.460544342693528,2.1111212
7.461354538459203,2.5714545
7.462164734224874,0.81251836
7.462974929990547,1.333333
7.4637851257562176,1.0869666
7.46459532152189,3.5714324
7.465405517287563,3.2500203
7.466215713053235,6.250107
7.467025908818906,3.2143178
7.467836104584579,1.400002
7.468646300350252,1.4615679
7.469456496115924,2.8235776
7.470266691881597,0.50000453
7.471076887647268,16.9999
7.47188708341294,3.9285734
7.472697279178614,1.4117903
7.473507474944284,5.6000347
7.474317670709959,3.4546106
7.4751278664756295,5.000011
7.475938062241302,4.1250606
7.476748258006975,2.4546063
7.477558453772645,35.00051
7.478368649538321,1.8461732
7.479178845303991,0.69230926
7.479989041069662,2.076958
7.480799236835336,7.666765
7.481609432601007,2.315792
7.48241962836668,2.250038
7.483229824132352,2.07144
7.484040019898024,1.1052797
7.484850215663696,1.5652475
7.485660411429369,1.7333604
7.486470607195041,1.1600131
7.487280802960714,6.6667056
7.488090998726386,4.4001155
7.488901194492057,0.7428728
7.48971139025773,3.5000277
7.490521586023402,0.6499941
7.491331781789076,0.9166898
7.492141977554747,0.56522506
7.492952173320418,8.750037
7.493762369086092,0.6500121
7.494572564851763,1.5833722
7.495382760617435,1.1428585
7.496192956383108,12.000107
7.497003152148779,4.0000114
7.4978133479144535,3.7142837
7.498623543680125,4.8572493
7.499433739445797,0.0
7.500243935211469,0.923098
7.501054130977141,3.5000114
7.501864326742814,2.3750172
7.502674522508485,2.30004
7.503484718274157,2.9166856
7.504294914039831,0.8000169
7.505105109805503,0.085715406
7.505915305571174,2.0000496
7.506725501336847,5.199956
7.507535697102519,2.3077154
7.508345892868191,0.3913071
7.509156088633864,1.3333266
7.5099662843995345,1.1666745
7.510776480165209,3.6667225
7.5115866759308805,1.2500104
7.512396871696553,2.1667101
7.5132070674622256,1.1000162
7.514017263227896,15.0000515
7.514827458993569,1.7272841
7.515637654759241,1.727298
7.516447850524915,2.466717
7.5172580462905865,2.0666895
7.518068242056258,5.444608
7.51887843782193,0.76923484
7.519688633587603,0.0
7.520498829353274,10.000015
7.5213090251189465,6.7501583
7.52211922088462,1.4545554
7.52292941665029,0.9259541
7.523739612415965,0.7714406
7.524549808181636,0.0
7.525360003947308,17.999886
7.526170199712981,0.54840547
7.526980395478652,2.777765
7.527790591244324,0.86957043
7.528600787009998,1.2381133
7.52941098277567,31.000109
7.530221178541343,1.7894849
7.531031374307013,2.0000668
7.531841570072686,2.8000207
7.5326517658383585,5.200038
7.533461961604031,1.6923127
7.534272157369702,1.6250197
7.535082353135375,0.5185238
7.535892548901047,0.35135347
7.53670274466672,0.19444527
7.537512940432393,4.0000005
7.538323136198064,1.2857349
7.539133331963736,1.3333361
7.539943527729408,1.1579182
7.54075372349508,1.000024
7.541563919260753,3.3750181
7.542374115026425,2.9000313
7.543184310792098,7.7500925
7.54399450655777,1.647057
7.544804702323441,3.2500453
7.545614898089114,1.3684326
7.546425093854787,6.3333654
7.547235289620458,2.9000492
7.548045485386131,12.800189
7.548855681151803,1.0000132
7.549665876917476,1.8125402
7.550476072683148,4.0000353
7.55128626844882,3.1249804
7.552096464214491,2.8182292
7.552906659980165,2.72731
7.5537168557458365,1.2000173
7.55452705151151,1.1764883
7.555337247277182,0.15384534
7.556147443042853,1.9166793
7.556957638808525,0.78573066
7.557767834574197,2.249998
7.55857803033987,5.8001866
7.559388226105543,2.200039
7.560198421871214,8.000146
7.561008617636887,2.6429198
7.561818813402559,1.1666658
7.562629009168232,1.0645416
7.563439204933903,2.6000755
7.564249400699575,1.1111174
7.565059596465248,1.8095505
7.565869792230921,0.75001526
7.566679987996592,4.666716
7.567490183762265,1.8333468
7.568300379527937,3.14289
7.569110575293609,2.000026
7.569920771059281,0.33332652
7.570730966824953,5.571465
7.571541162590627,0.90477765
7.572351358356299,4.5714974
7.5731615541219695,2.0000567
7.573971749887642,2.3847017
7.5747819456533145,0.9000418
7.575592141418987,10.400117
7.57640233718466,2.0000844
7.57721253295033,5.000015
7.578022728716004,1.0000067
7.578832924481676,1.7777771
7.579643120247348,6.7501664
7.580453316013021,1.0000083
7.581263511778692,2.7857723
7.582073707544365,0.0
7.582883903310037,0.53333753
7.5836909342485,3.3750124
7.584497965186962,2.1250021
7.585320820261473,1.6250203
7.586127851199936,0.56523085
7.586934882138399,1.4117877
7.5877419130768615,21.000322
7.588548944015322,5.0000806
7.589371799089833,15.000061
7.5901788300282975,22.500378
7.590985860966759,1.266678
7.5917928919052216,3.7647116
7.592599922843684,22.000362
7.593422777918195,1.4615736
7.594229808856659,1.6666802
7.59503683979512,7.8000326
7.5958438707335825,0.0
7.596650901672046,0.68183106
7.597473756746557,9.666816
7.59828078768502,1.8750279
7.599087818623481,4.076938
7.599894849561944,2.0000458
7.600701880500407,10.400116
7.601524735574917,3.3636744
7.60233176651338,3.8889773
7.603138797451843,5.6668057
7.603945828390305,4.5000424
7.6047528593287685,3.7000074
7.605575714403279,1.7273036
7.60638274534174,1.8750151
7.607189776280204,3.4286075
7.607996807218667,3.8000264
7.6088038381571295,9.0001
7.6096266932316405,0.72732425
7.610433724170102,8.000153
7.6112407551085655,3.3077464
7.612047786047029,1.6250253
7.61285481698549,0.68421173
7.6136776720600015,13.333592
7.614484702998464,0.66667944
7.615291733936927,1.4643161
7.616098764875388,23.000586
7.616905795813851,1.6363702
7.6177286508883615,2.5556161
7.618535681826826,1.700026
7.619342712765287,1.000024
7.62014974370375,1.800051
7.620956774642213,1.1428683
7.621779629716723,3.1429152
7.622586660655186,3.461591
7.623393691593649,1.814834
7.624200722532112,2.2500553
7.625007753470574,1.529435
7.625830608545084,5.666756
7.626637639483548,3.3335035
7.62744467042201,11.333586
7.6282517013604725,4.4445424
7.629058732298936,4.111206
7.629881587373446,2.9286227
7.630688618311909,1.1250122
7.631495649250371,0.62963706
7.632302680188833,8.125024
7.633109711127298,1.0714319
7.633932566201808,0.523822
7.634739597140269,10.333525
7.635546628078733,3.8750606
7.636353659017195,16.500626
7.637160689955658,0.0
7.637983545030169,3.1250503
7.638790575968631,0.15151833
7.6395976069070946,7.333337
7.640404637845556,2.5000148
7.641211668784019,2.500079
7.6420345238585305,4.750094
7.64284155479699,1.0476383
7.6436485857354555,1.3125266
7.644455616673918,1.2777951
7.645262647612379,0.9333598
7.6460855026868915,1.66669
7.646892533625352,3.6001217
7.6476995645638155,1.7500151
7.648506595502277,7.1112576
7.64931362644074,4.16678
7.6501364815152515,2.785776
7.650943512453714,3.1111202
7.651750543392177,3.4000018
7.652557574330639,0.6087121
7.653364605269102,0.5151544
7.654187460343613,1.0555708
7.654994491282076,23.99997
7.655801522220538,1.8823785
7.656608553159001,4.1429057
7.657415584097464,1.7778105
7.658238439171973,6.200082
7.659045470110437,17.000322
7.659852501048899,1.5417069
7.6606595319873625,0.66667295
7.661466562925825,8.200288
7.662289418000335,2.5000343
7.6630964489387985,3.0625443
7.66390347987726,2.800057
7.664710510815723,0.0
7.665517541754187,2.0000212
7.666340396828697,2.6249945
7.6671474277671585,0.77145004
7.667954458705622,4.0909524
7.668761489644085,2.6000519
7.669568520582548,9.750312
7.670391375657059,6.4000907
7.67119840659552,0.0
7.672005437533984,3.8572607
7.672812468472447,1.0000237
7.673619499410907,8.500316
7.67444235448542,0.38096923
7.675249385423881,6.250118
7.6760564163623455,2.2778635
7.676863447300806,2.6429737
7.677670478239269,0.43750736
7.67849333331378,39.00109
7.679300364252243,2.7500763
7.680107395190705,2.0000281
7.680914426129168,5.125157
7.6817214570676295,1.0952494
7.682544312142141,4.8750825
7.683351343080604,15.666936
7.684158374019066,4.2000976
7.68496540495753,0.75003064
7.685772435895991,11.75002
7.686595290970502,0.0
7.687402321908966,4.0833483
7.688209352847428,0.0
7.68901638378589,1.2000197
7.689823414724353,3.6666827
7.690646269798863,1.4285657
7.691453300737328,0.0
7.692260331675788,2.0000088
7.693067362614252,1.6428957
7.693874393552715,1.6500188
7.694697248627224,3.1111252
7.695504279565688,5.7500367
7.69631131050415,5.2001038
7.6971183414426125,5.000046
7.697925372381076,1.5000197
7.698748227455586,17.000774
7.699555258394048,4.1112146
7.70036228933251,2.8333836
7.7011693202709735,4.6000776
7.701976351209436,2.1579547
7.702799206283948,6.0001297
7.703606237222409,4.181951
7.704413268160872,0.785729
7.705220299099335,24.666916
7.706027330037797,5.4287534
7.706850185112309,34.000923
7.70765721605077,3.8001554
7.708464246989234,3.000076
7.709271277927695,2.3125267
7.710078308866159,11.667078
7.710901163940669,0.0
7.711708194879132,11.500325
7.7125152258175955,6.9091425
7.713322256756057,2.500029
7.71412928769452,22.000881
7.714952142769031,4.875095
7.715759173707493,4.2309184
7.716566204645956,1.7391529
7.717373235584419,1.5161822
7.718180266522882,0.9333563
7.7190031215973915,0.9411955
7.719810152535855,2.6843035
7.720617183474317,9.666979
7.721424214412779,9.800168
7.722231245351243,6.4001236
7.723054100425753,0.9375182
7.723861131364217,6.0002794
7.724668162302678,3.1177652
7.725475193241141,12.750125
7.726282224179604,3.0000308
7.727105079254115,0.88889444
7.727912110192576,2.1250699
7.72871914113104,2.6364367
7.729526172069502,4.7779655
7.730333203007964,1.8823936
7.731156058082477,1.4118042
7.731963089020937,1.6111636
7.732770119959401,0.6000222
7.733577150897863,10.00049
7.734384181836325,1.8235921
7.735207036910837,2.9001148
7.736014067849299,2.3750305
7.736821098787761,1.6522089
7.737628129726224,1.5000575
7.738435160664687,1.1000278
7.739258015739198,3.1667964
7.7400650466776595,1.0000049
7.740872077616123,0.7692511
7.741679108554585,1.904828
7.742486139493048,2.392937
7.743308994567559,4.3637247
7.744116025506021,5.666883
7.744923056444485,2.2000415
7.745730087382946,4.7500453
7.74653711832141,3.1001227
7.74735997339592,4.200145
7.748167004334383,2.5556402
7.748974035272846,1.5600371
7.749781066211308,1.2000144
7.750588097149771,2.2308533
7.751410952224282,2.000054
7.752217983162744,1.2857383
7.7530250141012065,9.666892
7.75383204503967,0.61703765
7.754639075978133,70.99976
7.7554619310526425,1.444457
7.756268961991106,5.750276
7.757075992929568,0.75004345
7.75788302386803,5.500187
7.758690054806494,1.6842538
7.759512909881003,4.5455666
7.760319940819466,1.4211249
7.761126971757928,5.727491
7.761934002696392,17.333855
7.762741033634854,1.9500709
7.763563888709365,3.00008
7.764370919647827,14.333833
7.76517795058629,5.4118857
7.7659849815247535,0.73687965
7.766792012463214,6.2501345
7.767614867537726,2.4211252
7.768421898476189,4.1667533
7.769228929414652,23.000397
7.7700359603531135,37.00184
7.770842991291576,2.6818736
7.771665846366087,4.2857833
7.77247287730455,5.200065
7.773279908243012,2.166732
7.774086939181475,2.3334582
7.774893970119938,5.9168296
7.775716825194449,10.400334
7.776523856132911,5.000217
7.777330887071374,4.7274466
7.778137918009835,53.00215
7.778944948948299,7.600134
7.77976780402281,5.200097
7.780574834961273,8.714725
7.781381865899736,2.5001042
7.782188896838196,5.700234
7.7829959277766605,16.66732
7.783818782851171,2.2353885
7.784625813789635,1.1923566
7.785432844728095,57.000576
7.786239875666558,8.800607
7.787046906605021,32.001842
7.787869761679532,10.429133
7.788676792617994,5.666799
7.7894838235564565,2.2857537
7.79029085449492,10.428951
7.791097885433382,30.001148
7.7919207405078925,0.0
7.792727771446355,27.500647
7.793534802384818,2.8333414
7.794341833323281,20.667854
7.795148864261743,0.0
7.795971719336254,6.750267
7.796778750274716,7.0004206
7.797585781213179,4.0477877
7.798392812151643,1.2000315
7.799199843090105,52.001118
7.800022698164616,6.1668944
7.800829729103078,10.000312
7.801636760041541,3.6252134
7.8024437909800035,2.000065
7.803250821918466,28.002316
7.804073676992976,2.0953038
7.8048807079314395,1.9524835
7.805687738869903,3.3078425
7.806494769808364,3.4000893
7.807301800746828,44.00224
7.808124655821338,12.333917
7.808931686759801,24.001104
7.809738717698264,4.3531923
7.8105457486367245,1.538534
7.81135277957519,3.8891633
7.8121756346497,4.1001563
7.812982665588162,7.6669993
7.813789696526624,6.3080053
7.814596727465085,16.750818
7.81540375840355,4.8752785
7.81622661347806,0.0
7.817033644416523,52.003418
7.817840675354986,7.4003234
7.818647706293447,0.0
7.8194547372319105,3.7780302
7.820277592306422,42.00139
7.821084623244884,9.400476
7.8218916541833465,7.5004983
7.822698685121809,28.001196
7.823505716060272,20.00108
7.824328571134783,2.400092
7.825135602073244,2.6250618
7.825942633011708,2.4211664
7.826749663950171,12.250414
7.827556694888632,10.667075
7.828379549963144,2.5385723
7.829186580901606,0.0
7.829993611840068,57.003387
7.830800642778532,36.001064
7.831607673716994,0.0
7.832430528791505,11.375666
7.833237559729967,8.667197
7.83404459066843,4.8572764
7.834851621606893,26.001461
7.835658652545356,5.235561
7.836481507619867,8.000266
7.837288538558329,0.0
7.838095569496792,13.499954
7.838902600435253,2.4376392
7.839709631373716,4.000217
7.840532486448226,3.7502513
7.84133951738669,0.0
7.842146548325154,8.000429
7.8429535792636145,0.0
7.843760610202078,2.2144241
7.844583465276588,8.2502985
7.845390496215051,0.0
7.846197527153513,4.222424
7.847004558091976,6.750376
7.84781158903044,24.500685
7.848634444104949,21.001566
7.849441475043412,0.0
7.850248505981875,22.50149
7.851055536920338,4.0002456
7.8518625678588,10.600449
7.852685422933311,5.312824
7.853492453871773,25.002087
7.8542994848102365,4.5000796
7.855106515748699,11.750461
7.8559135466871615,0.0
7.8567364017616725,2.5791612
7.857543432700134,16.250881
7.8583504636385975,4.250222
7.859157494577061,0.0
7.8599645255155215,0.0
7.860787380590034,39.50332
7.861594411528496,20.50028
7.862401442466958,13.4008665
7.863208473405421,14.000826
7.864015504343883,24.00279
7.864838359418394,0.0
7.865645390356858,0.0
7.866452421295318,26.500902
7.867259452233781,17.001064
7.868066483172244,0.0
7.868889338246756,4.8002896
7.8696963691852195,4.500219
7.87050340012368,4.000204
7.871310431062143,0.0
7.872117462000605,0.0
7.872940317075115,0.0
7.87374734801358,25.335419
7.874554378952042,35.50233
7.875361409890504,3.3752317
7.876168440828967,9.20054
7.876991295903477,0.0
7.8777983268419405,6.000498
7.878605357780402,2.154048
7.879412388718865,0.0
7.880219419657329,6.750466
7.881042274731839,8.1432705
7.881849305670301,0.0
7.882656336608764,35.001587
7.883463367547227,13.000898
7.884270398485691,7.5720587
7.8850932535602,0.0
7.885900284498662,17.801321
7.886707315437126,29.00169
7.887514346375589,0.0
7.888321377314051,8.500755
7.889144232388562,25.002163
7.889951263327024,12.00074
7.890758294265487,1.8334452
7.89156532520395,13.501085
7.892372356142412,8.400555
7.8931952112169235,20.501282
7.894002242155385,3.7145689
7.894809273093848,3.7003388
7.895616304032311,16.000631
7.896423334970772,40.004215
7.897246190045283,5.9171114
7.898053220983746,39.001244
7.89886025192221,13.000511
7.899667282860671,9.286329
7.900474313799134,0.0
7.901297168873644,6.0002975
7.902104199812108,16.333822
7.902911230750571,0.0
7.903718261689032,17.00142
7.904525292627496,16.334387
7.905348147702006,4.4446554
7.90615517864047,0.0
7.906962209578931,17.000927
7.907769240517394,42.004494
7.908576271455856,11.750822
7.909399126530367,17.751389
7.9102061574688305,19.501322
7.911013188407293,3.8891623
7.9118202193457545,0.7876037
7.912627250284218,3.0601652
7.913450105358729,1.5910388
7.914257136297191,2.2401316
7.915064167235654,1.5228267
7.915871198174116,1.3061925
7.91667822911258,1.7001276
7.917501084187091,1.7756267
7.918308115125551,10.667327
7.919115146064015,11.2006855
7.919922177002478,3.000219
7.920729207940939,7.375639
7.921552063015453,4.3639507
7.922359093953912,14.5011
7.923166124892377,4.357461
7.923973155830838,11.250723
7.924780186769301,0.0
7.925603041843813,16.201288
7.926410072782274,3.5002356
7.927217103720737,8.500845
7.928024134659199,31.500696
7.928831165597662,8.2007675
7.929654020672172,2.2001367
7.930461051610635,22.201342
7.931268082549098,45.001995
7.932075113487561,2.4119442
7.932882144426023,29.502798
7.9337049995005335,1.7354567
7.934512030438997,3.0002124
7.93531906137746,1.0477111
7.936126092315922,0.87329715
7.936933123254385,0.92864406
7.937755978328895,0.78267944
7.938563009267359,0.7317549
7.93937004020582,0.8104086
7.940177071144284,1.0463624
7.940984102082746,0.9064866
7.941806957157257,0.9462891
7.94261398809572,0.9697394
7.943421019034182,0.9463501
7.944228049972645,1.1087521
7.945035080911107,1.3041266
7.945857935985618,1.0732346
7.9466649669240805,1.356341
7.947471997862544,1.3177722
7.948279028801006,0.98474
7.949086059739469,1.5989867
7.94990891481398,0.8274943
7.950715945752442,0.71742827
7.951522976690903,0.91097695
7.952330007629368,0.83699995
7.953137038567828,1.3000845
7.953959893642342,1.1334085
7.954766924580802,1.7666246
7.955573955519265,1.0798895
7.956380986457728,1.3382459
7.95718801739619,1.0947151
7.958010872470701,1.1505456
7.958817903409164,1.2201573
7.959624934347627,1.447705
7.960431965286088,1.3739492
7.961238996224552,1.285151
7.962061851299062,1.253396
7.962868882237526,1.107202
7.9636759131759876,1.2691305
7.96448294411445,1.1301413
7.965289975052913,1.2127261
7.966112830127423,1.094892
7.966919861065887,1.0374696
7.967726892004349,1.1467301
7.968533922942812,1.1891301
7.969340953881274,1.2094783
7.9701638089557845,1.0505637
7.970970839894248,1.450625
7.971777870832709,1.3975713
7.972584901771173,1.0639739
7.973391932709636,0.8577717
7.974214787784146,1.1152937
7.97502181872261,1.0116309
7.975828849661071,1.4474303
7.9766358805995345,1.8619642
7.977442911537998,1.2127362
7.978265766612508,0.9214787
7.979072797550969,1.2740477
7.979879828489433,1.1875569
7.980686859427896,1.3318557
7.981493890366357,1.5753549
7.982316745440868,1.1571038
7.983123776379331,0.96727043
7.983930807317794,1.0462775
7.984737838256256,1.3682709
7.985544869194719,1.104153
7.98636772426923,1.4643774
7.987174755207692,1.5385619
7.987981786146155,1.1539229
7.988788817084617,1.5584697
7.989595848023081,1.5948471
7.99041870309759,1.0612948
7.991225734036053,1.679474
7.992032764974517,1.0697049
7.992839795912977,1.4202138
7.993646826851442,1.0239558
7.994469681925952,1.7305691
7.995276712864415,1.3530246
7.9960837438028785,0.6969079
7.996890774741339,1.7451965
7.9976978056798025,1.7050186
7.998520660754314,1.5715337
7.999327691692777,1.1605749
8.000134722631238,1.7261541
8.0009417535697,1.171662
8.001748784508164,1.5268321
8.002571639582674,1.7605997
8.003378670521137,3.094326
8.0041857014596,0.96572495
8.004992732398062,0.88133794
8.005799763336524,1.1132748
8.006622618411036,1.5490189
8.007429649349499,1.5619361
8.00823668028796,0.644125
8.009043711226424,1.7403791
8.009850742164886,1.6277063
8.010673597239398,1.7560294
8.011480628177859,1.4310477
8.012287659116321,0.8815002
8.013094690054785,1.0520891
8.013901720993246,1.3334264
8.01472457606776,2.4097314
8.01553160700622,1.3334453
8.016338637944683,1.1778753
8.017145668883147,1.6968794
8.017952699821608,1.3442363
8.01877555489612,1.3827797
8.019582585834582,1.7188703
8.020389616773045,1.7457622
8.021196647711506,1.6457986
8.02200367864997,1.1174154
8.02282653372448,1.737505
8.023633564662942,1.593006
8.024440595601405,1.963087
8.025247626539867,1.9376259
8.026054657478332,2.0950086
8.02687751255284,1.7945261
8.027684543491304,1.0290586
8.028491574429767,1.7087975
8.02929860536823,1.2591377
8.030105636306692,1.255912
8.030928491381202,2.2779586
8.031735522319666,2.000164
8.032542553258127,1.0875883
8.033349584196591,0.9462378
8.034156615135053,1.8022231
8.034979470209564,1.00006
8.035786501148028,1.351691
8.036593532086489,2.4532976
8.037400563024953,0.91900134
8.038207593963413,2.620818
8.039030449037925,2.0845358
8.039837479976388,1.4908957
8.04064451091485,1.2971766
8.041451541853315,0.77990437
8.042258572791775,1.1913902
8.043081427866287,2.024549
8.04388845880475,1.7793462
8.04469548974321,2.2779882
8.045502520681675,1.6374732
8.046309551620137,2.3898764
8.047132406694649,1.8556207
8.04793943763311,1.2927799
8.048746468571572,2.8639429
8.049553499510036,2.3032277
8.050360530448497,1.8001803
8.051183385523007,3.7225049
8.051990416461472,4.9503603
8.052797447399934,1.2248443
8.053604478338395,1.4509478
8.054411509276859,2.9807327
8.055234364351369,2.1668572
8.056041395289833,3.2261193
8.056848426228294,2.571703
8.057655457166756,0.94195205
8.05846248810522,1.9649132
8.05928534317973,2.7730107
8.060092374118193,1.7398793
8.060899405056656,4.1285853
8.061706435995118,2.5836542
8.06251346693358,1.7421335
8.063336322008091,2.1888418
8.064143352946555,1.8227705
8.064950383885018,1.8984944
8.06575741482348,1.052074
8.066564445761943,1.6033205
8.067387300836453,1.7870984
8.068194331774917,4.026648
8.069001362713378,1.0728276
8.069808393651842,3.428941
8.070615424590304,2.0974884
8.071438279664815,2.0215116
8.072245310603277,1.53535
8.07305234154174,3.3504462
8.073859372480204,2.2883751
8.074666403418664,3.1711125
8.075489258493176,0.8684919
8.076296289431639,3.9051414
8.077103320370101,2.4824588
8.077910351308565,2.3502486
8.078717382247026,2.0366137
8.079540237321538,3.2198274
8.080347268259999,11.858552
8.081154299198461,2.7224686
8.081961330136924,2.6802342
8.082768361075388,4.273275
8.083591216149898,4.069337
8.08439824708836,2.1844528
8.085205278026823,1.9402516
8.086012308965284,6.106118
8.08681933990375,2.0280225
8.087642194978258,2.31137
8.088449225916722,2.3411117
8.089256256855185,1.5715743
8.090063287793646,1.3386109
8.09087031873211,3.8670785
8.09169317380662,1.1539948
8.092500204745082,2.6002846
8.093307235683545,2.1027675
8.094114266622007,3.106738
8.094921297560472,1.8183738
8.095744152634982,4.4173117
8.096551183573444,3.7146826
8.097358214511907,6.063014
8.09816524545037,1.5947438
8.098972276388832,3.2696397
8.099795131463344,2.758
8.100602162401806,1.8335594
8.101409193340269,1.0244846
8.102216224278731,4.5339355
8.103023255217193,2.4887033
8.103846110291705,2.6179113
8.104653141230164,4.720359
8.105460172168629,9.612399
8.106267203107091,1.5595154
8.107074234045553,12.848268
8.107897089120067,4.2006764
8.108704120058526,2.5929089
8.10951115099699,1.1893524
8.110318181935453,4.5167646
8.111125212873915,1.2546935
8.111948067948425,2.9094796
8.112755098886888,2.6515582
8.113562129825352,2.3264003
8.114369160763813,5.826929
8.115176191702277,3.1474555
8.115999046776787,3.769816
8.11680607771525,4.121576
8.117613108653712,3.6455817
8.118420139592175,3.8383949
8.119227170530639,2.488681
8.120050025605149,4.7924848
8.120857056543612,2.3278804
8.121664087482074,10.376692
8.122471118420536,1.9658242
8.123278149358999,2.200246
8.12410100443351,2.0669963
8.124908035371973,6.353831
8.125715066310436,8.445483
8.126522097248898,11.189172
8.12732912818736,5.167472
8.128151983261871,3.600486
8.128959014200335,4.4003806
8.129766045138796,1.7569494
8.13057307607726,3.2005482
8.131380107015723,10.001679
8.132202962090233,2.850366
8.133009993028693,2.5678358
8.133817023967156,10.101196
8.134624054905622,5.500609
8.135431085844083,3.9588842
8.136253940918593,7.9295664
8.137060971857055,14.224091
8.137868002795518,3.1004534
8.13867503373398,9.546229
8.139482064672443,6.917383
8.140304919746955,3.0004091
8.141111950685417,4.556135
8.14191898162388,12.335022
8.142726012562342,3.4198449
8.143533043500804,18.002422
8.144355898575316,8.001225
8.145162929513779,2.5003412
8.145969960452241,3.5362675
8.146776991390702,2.1003208
8.147584022329166,5.600996
8.148406877403676,13.144981
8.149213908342139,10.334848
8.150020939280603,26.003061
8.150827970219064,2.3915634
8.151635001157528,4.6006184
8.152457856232038,2.6320205
8.1532648871705,10.462879
8.154071918108963,1.8278962
8.154878949047426,2.4586108
8.15568597998589,14.11316
8.156508835060398,2.6003983
8.157315865998862,2.8522594
8.158122896937325,2.6671
8.158929927875787,1.6540487
8.15973695881425,3.0479596
8.16055981388876,2.4670904
8.161366844827224,3.7338035
8.162173875765685,3.1583319
8.162980906704147,5.5008407
8.163787937642612,3.1432772
8.164610792717122,4.8831015
8.165417823655583,5.7341876
8.166224854594047,2.3575304
8.16703188553251,6.000832
8.167838916470972,5.2639303
8.168661771545484,5.924105
8.169468802483944,8.734571
8.170275833422409,1.657335
8.171082864360871,8.644476
8.171889895299334,4.0633097
8.172712750373844,2.8828793
8.173519781312306,3.4405727
8.17432681225077,6.6011324
8.175133843189231,10.273906
8.175940874127695,4.364055
8.176763729202206,2.0373316
8.177570760140668,19.169575
8.17837779107913,5.1311784
8.179184822017593,3.625535
8.179991852956055,4.6850147
8.180814708030566,6.000853
8.18162173896903,17.80256
8.182428769907492,6.2676764
8.183235800845953,8.182911
8.184042831784417,3.5657902
8.184865686858927,3.2314432
8.18567271779739,2.1752727
8.186479748735854,5.734427
8.187286779674315,5.2116156
8.188093810612779,10.001801
8.18891666568729,2.441639
8.18972369662575,3.2806337
8.190530727564212,9.335177
8.191337758502677,1.8295461
8.192144789441139,2.200221
8.192967644515651,6.800777
8.193774675454112,3.071838
8.194581706392574,8.201479
8.195388737331037,26.504272
8.1961957682695,22.670174
8.197018623344011,5.278818
8.197825654282473,4.0634274
8.198632685220936,19.003538
8.199439716159398,18.430803
8.20024674709786,3.91375
8.201069602172373,2.2504718
8.201876633110833,5.8896794
8.202683664049298,17.716797
8.20349069498776,3.8702178
8.204297725926223,1.3112918
8.205120581000735,3.625579
8.205927611939195,6.8763714
8.20673464287766,7.287076
8.20754167381612,6.6442018
8.208348704754584,6.8348002
8.209171559829095,5.250874
8.209978590767557,4.5465384
8.210785621706021,2.0003726
8.211592652644482,7.5731893
8.212399683582944,3.3339612
8.213222538657456,5.7702303
8.214029569595919,4.3854766
8.214836600534381,10.771289
8.215643631472844,3.118097
8.216450662411305,3.3049586
8.217273517485816,2.444814
8.21808054842428,6.001278
8.218887579362741,6.7740636
8.219694610301206,2.8952267
8.220501641239666,17.377745
8.221324496314178,8.358577
8.22213152725264,5.910131
8.222938558191101,2.2861888
8.223745589129566,1.81855
8.224552620068028,4.905573
8.22537547514254,19.57503
8.226182506081,8.067999
8.226989537019463,3.6546378
8.227796567957927,9.418521
8.22860359889639,9.113454
8.229426453970902,2.6975296
8.230233484909363,15.802679
8.231040515847825,7.5723734
8.231847546786287,8.667939
8.23265457772475,9.668224
8.233477432799262,5.524755
8.234284463737724,7.668122
8.235091494676187,8.1447935
8.23589852561465,5.7284727
8.236705556553112,3.286144
8.237528411627624,2.93789
8.238335442566086,2.7624133
8.239142473504549,9.801831
8.239949504443011,8.547149
8.240756535381474,0.0
8.241579390455982,3.800587
8.242386421394446,9.7291975
8.24319345233291,13.702378
8.244000483271371,3.0391014
8.244807514209834,5.589568
8.245630369284344,8.787363
8.246437400222808,8.001973
8.24724443116127,11.8917675
8.248051462099733,8.314356
8.248858493038195,5.910189
8.249681348112706,7.0012817
8.250488379051168,12.202792
8.25129540998963,5.6203885
8.252102440928095,7.0009475
8.252909471866557,2.3851786
8.253732326941067,4.3581705
8.25453935787953,8.601306
8.255346388817992,20.803114
8.256153419756455,4.5342603
8.256960450694919,4.1913886
8.25778330576943,6.9104176
8.258590336707892,3.4820783
8.259397367646354,6.2791204
8.260204398584817,13.669276
8.261011429523279,11.002227
8.261834284597791,1.2611625
8.262641315536252,3.9509196
8.263448346474716,12.751739
8.264255377413178,8.66862
8.26506240835164,4.734028
8.265885263426151,3.2179236
8.266692294364614,4.3167167
8.267499325303078,2.1005065
8.268306356241538,9.835599
8.26911338718,10.43036
8.269936242254513,7.7515945
8.270743273192975,7.8015976
8.27155030413144,7.4303746
8.272357335069898,7.1440954
8.273164366008363,9.401974
8.273987221082875,3.955369
8.274794252021335,3.6434448
8.2756012829598,11.848818
8.27640831389826,2.743366
8.277215344836723,11.627591
8.278038199911235,3.1911418
8.278845230849697,4.3339586
8.27965226178816,2.5004926
8.280459292726622,7.693822
8.281266323665085,10.113636
8.282089178739596,3.4590576
8.282896209678059,5.6483293
8.28370324061652,33.675755
8.284510271554984,9.751955
8.285317302493446,21.672132
8.286140157567958,4.3579783
8.286947188506419,9.232637
8.287754219444881,5.067699
8.288561250383346,5.3761544
8.289368281321808,3.9383168
8.290191136396318,2.2063563
8.29099816733478,10.877267
8.291805198273243,6.8962073
8.292612229211706,0.0
8.293419260150168,5.7286067
8.29424211522468,11.5029955
8.29504914616314,6.001574
8.295856177101605,7.9019613
8.296663208040068,4.1187615
8.29747023897853,3.0003805
8.298293094053042,6.770779
8.299100124991503,16.003813
8.299907155929967,17.33682
8.300714186868428,10.877653
8.30152121780689,4.429466
8.3023440728814,9.859044
8.303151103819864,10.376946
8.303958134758329,9.751824
8.30476516569679,16.504625
8.305572196635252,15.804599
8.306395051709762,22.003733
8.307202082648226,13.002957
8.308009113586689,7.626562
8.308816144525151,6.7152705
8.309623175463612,4.8193274
8.310446030538124,16.337376
8.311253061476586,10.402176
8.312060092415049,2.909528
8.312867123353513,5.211524
8.313674154291974,4.18291
8.314497009366486,13.603351
8.315304040304948,5.0776873
8.316111071243409,24.605032
8.316918102181873,5.201015
8.317725133120335,7.858999
8.318547988194847,2.1768956
8.31935501913331,24.255577
8.32016205007177,26.672235
8.320969081010235,30.01018
8.321776111948697,0.0
8.32259896702321,3.6260352
8.32340599796167,13.288281
8.324213028900132,2.8292787
8.325020059838597,29.671621
8.325827090777057,7.0849752
8.32664994585157,19.004751
8.327456976790032,5.0013003
8.328264007728492,24.80635
8.329071038666957,16.804127
8.329878069605419,3.3672388
8.330700924679931,2.2277484
8.331507955618392,9.430906
8.332314986556854,76.01266
8.333122017495317,8.4466715
8.333929048433781,3.6676016
8.33475190350829,2.059307
8.335558934446754,4.584533
8.336365965385216,27.671572
8.337172996323678,5.0568743
8.337980027262141,6.1012626
8.338802882336651,6.201526
8.339609913275115,10.11361
8.340416944213578,3.154523
8.34122397515204,9.669128
8.342031006090503,8.601929
8.342853861165013,6.501055
8.343660892103477,10.252402
8.344467923041938,15.503996
8.345274953980402,2.6673453
8.346081984918865,1.9693065
8.346904839993375,4.8247414
8.347711870931837,13.169407
8.3485189018703,30.50889
8.349325932808764,2.7505767
8.350132963747226,8.6019535
8.350955818821737,5.3347363
8.351762849760199,16.203932
8.352569880698661,11.336035
8.353376911637122,4.112121
8.354183942575586,0.0
8.355006797650098,2.2862306
8.355813828588559,3.1059747
8.356620859527023,56.51467
8.357427890465484,4.910092
8.358234921403948,12.77991
8.35905777647846,4.6257596
8.35986480741692,2.588616
8.360671838355383,10.387713
8.361478869293846,18.004879
8.362285900232308,18.337547
8.363108755306818,61.01435
8.36391578624528,13.877896
8.364722817183745,2.565916
8.365529848122206,3.637279
8.36633687906067,12.861068
8.36715973413518,15.879268
8.367966765073643,7.5474887
8.368773796012107,17.57638
8.369580826950568,10.859403
8.37038785788903,3.9210062
8.371210712963542,3.1675746
8.372017743902004,5.626618
8.372824774840467,3.2361617
8.37363180577893,115.03825
8.374438836717392,1.5432807
8.375261691791904,4.2010627
8.376068722730366,25.75787
8.376875753668827,2.000387
8.377682784607291,7.0017633
8.378489815545754,2.6161995
8.379312670620266,10.128074
8.380119701558726,8.002358
8.380926732497189,3.0008688
8.381733763435653,6.1681037
8.382540794374115,6.9307857
8.383363649448626,5.1937795
8.384170680387086,8.801371
8.38497771132555,36.755947
8.385784742264015,3.693112
8.386591773202476,10.669933
8.387414628276986,3.2711601
8.388221659215448,2.962437
8.38902869015391,14.718908
8.389835721092375,20.00445
8.390642752030837,7.602252
8.391465607105348,2.8008854
8.39227263804381,52.51276
8.393079668982272,22.504644
8.393886699920735,3.7282317
8.394693730859197,16.405167
8.395516585933708,8.168335
8.396323616872172,3.6121807
8.397130647810634,6.501552
8.397937678749097,11.146202
8.39874470968756,12.752708
8.39956756476207,5.092566
8.400374595700534,8.001918
8.401181626638996,9.102727
8.401988657577458,8.780251
8.402795688515921,18.338497
8.403618543590431,4.126147
8.404425574528895,5.501444
8.405232605467356,7.4308505
8.40603963640582,1.5388689
8.406846667344281,3.000608
8.407669522418793,3.9242237
8.408476553357255,11.860376
8.409283584295716,9.335698
8.410090615234179,3.9240098
8.410897646172643,2.8132336
8.411720501247155,3.7231793
8.412527532185617,6.6015177
8.413334563124078,4.067689
8.41414159406254,5.001412
8.414948625001005,4.186409
8.415771480075515,2.70075
8.416578511013977,12.0027895
8.41738554195244,12.114622
8.418192572890902,13.7539
8.418999603829365,8.702683
8.419822458903875,2.770038
8.420629489842337,0.0
8.421436520780802,6.638399
8.422243551719264,6.7667837
8.423050582657726,3.0632617
8.423873437732237,5.8352237
8.424680468670699,1.7910933
8.425487499609162,11.502262
8.426294530547624,10.780814
8.427101561486088,1.2002203
8.427924416560597,4.430195
8.428731447499061,38.009453
8.429538478437523,4.2510633
8.430345509375986,13.146982
8.431152540314448,18.253313
8.431975395388958,5.523468
8.432782426327423,6.0788436
8.433589457265885,8.269468
8.434396488204348,3.0462987
8.43520351914281,5.239448
8.43602637421732,3.4451365
8.436833405155785,6.309743
8.437640436094245,3.8011966
8.43844746703271,6.50213
8.439254497971172,4.790592
8.440077353045682,22.00773
8.440884383984145,6.101393
8.441691414922607,18.129763
8.442498445861071,17.172012
8.443305476799534,3.387951
8.444128331874042,6.144738
8.444935362812505,11.003629
8.445742393750969,2.4507027
8.44654942468943,1.8689919
8.447356455627894,15.254772
8.448179310702404,9.574063
8.448986341640866,11.203777
8.449793372579329,13.447991
8.450600403517791,1.6115686
8.451407434456254,8.001829
8.452230289530766,7.0017667
8.453037320469228,2.7698886
8.45384435140769,6.287589
8.454651382346153,4.3696914
8.455458413284616,3.2785537
8.456281268359126,9.46399
8.457088299297588,13.575262
8.457895330236052,4.942479
8.458702361174513,13.402986
8.459509392112977,7.3771043
8.460332247187488,0.0
8.46113927812595,22.005941
8.461946309064412,6.8586335
8.462753340002875,5.752056
8.46356037094134,18.005789
8.46438322601585,12.504307
8.465190256954312,7.7295732
8.465997287892774,4.1122103
8.466804318831237,9.00317
8.4676113497697,6.3772297
8.468434204844211,6.9434776
8.469241235782674,10.432514
8.470048266721134,6.224293
8.470855297659597,8.252349
8.471662328598061,12.003544
8.472485183672571,20.005974
8.473292214611034,0.8078753
8.474099245549496,22.407232
8.474906276487959,8.335282
8.475713307426423,4.5013375
8.476536162500933,4.001073
8.477343193439394,5.001324
8.478150224377858,2.5301397
8.47895725531632,29.673372
8.479764286254783,3.945858
8.480587141329293,1.8640386
8.481394172267755,0.70985216
8.48220120320622,8.113487
8.483008234144682,9.252441
8.483815265083143,4.1012006
8.484638120157655,41.51492
8.485445151096117,3.0008478
8.48625218203458,18.405878
8.487059212973042,4.1009297
8.487866243911505,3.0444286
8.488689098986015,10.169485
8.489496129924479,2.9052603
8.490303160862942,6.126912
8.491110191801404,5.119131
8.491917222739865,15.804827
8.492740077814377,5.364874
8.493547108752841,4.056699
8.494354139691302,5.472544
8.495161170629766,6.7520514
8.495968201568227,20.506996
8.496791056642738,13.754335
8.497598087581203,7.275113
8.498405118519663,3.6323774
8.499212149458126,9.336319
8.500019180396588,0.63285965
8.500842035471099,10.431606
8.501649066409563,1.7148061
8.502456097348023,2.7067032
8.503263128286488,32.010857
8.50407015922495,3.9103174
8.50489301429946,63.01743
8.505700045237923,7.5480165
8.506507076176385,5.0013976
8.507314107114848,5.3769383
8.508121138053312,4.3088126
8.508943993127822,3.5008106
8.509751024066285,3.6679912
8.510558055004747,2.8580346
8.51136508594321,6.601999
8.512172116881672,6.6178207
8.512994971956182,3.700886
8.513802002894646,0.0
